{
    "__comment": "Model generated using MrCrayfish's Model Creator (https://mrcrayfish.com/tools?id=mc)",
    "textures": {
        "acedark": "items/acedark",
        "acelight": "items/acelight"
    },
    "display": {
		"thirdperson_righthand": {
			"rotation": [4, -1, 3],
			"translation": [0, 0, 1],
			"scale": [0.7, 0.7, 0.7]
		},
		"thirdperson_lefthand": {
			"rotation": [-7, 1, -9],
			"translation": [-12, -1, 0.5],
			"scale": [0.7, 0.7, 0.7]
		},
		"firstperson_righthand": {
			"rotation": [0, -2, 0]
		},
		"firstperson_lefthand": {
			"translation": [-9, 2, 0]
		},
		"ground": {
			"rotation": [0, 0, -23],
			"translation": [3.59, -0.94, 6.05]
		},
		"gui": {
			"rotation": [-44, -126, -59],
			"translation": [-2.5, -2, -3],
			"scale": [0.8, 0.8, 0.8]
		},
		"fixed": {
			"rotation": [-97, 132, 99],
			"translation": [3.5, -4.25, -0.75]
		}
	},
    "elements": [
        {
            "name": "Element",
            "from": [ 6.75, 5, 8.75 ], 
            "to": [ 9.25, 8.2, 11.3 ], 
            "faces": {
                "north": { "texture": "#acedark", "uv": [ 11, 0, 16, 4 ] },
                "east": { "texture": "#acedark", "uv": [ 11, 0, 16, 4 ] },
                "south": { "texture": "#acedark", "uv": [ 11, 0, 16, 4 ] },
                "west": { "texture": "#acedark", "uv": [ 11, 0, 16, 4 ] },
                "up": { "texture": "#acedark", "uv": [ 11, 0, 16, 4 ] },
                "down": { "texture": "#acedark", "uv": [ 11, 0, 16, 4 ] }
            }
        },
        {
            "name": "Element",
            "from": [ 7.01, 7.75, 7 ], 
            "to": [ 8.98, 10, 9 ], 
            "rotation": { "origin": [ 8.01, 10.5, 6.5 ], "axis": "x", "angle": -22.5 },
            "faces": {
                "north": { "texture": "#acedark", "uv": [ 0, 12, 8, 16 ] },
                "east": { "texture": "#acedark", "uv": [ 0, 12, 8, 16 ] },
                "south": { "texture": "#acedark", "uv": [ 0, 12, 8, 16 ] },
                "west": { "texture": "#acedark", "uv": [ 0, 12, 8, 16 ] },
                "up": { "texture": "#acedark", "uv": [ 0, 12, 8, 16 ] },
                "down": { "texture": "#acedark", "uv": [ 0, 12, 8, 16 ] }
            }
        },
        {
            "name": "Hammer",
            "from": [ 7.5, 11.5, 9.25 ], 
            "to": [ 8.5, 12, 10.25 ], 
            "rotation": { "origin": [ 8.25, 10.5, 6.5 ], "axis": "x", "angle": -22.5 },
            "faces": {
                "north": { "texture": "#acedark", "uv": [ 8, 12, 11, 16 ] },
                "east": { "texture": "#acedark", "uv": [ 8, 12, 11, 16 ] },
                "south": { "texture": "#acedark", "uv": [ 8, 12, 11, 16 ] },
                "west": { "texture": "#acedark", "uv": [ 8, 12, 11, 16 ] },
                "up": { "texture": "#acedark", "uv": [ 8, 12, 11, 16 ] },
                "down": { "texture": "#acedark", "uv": [ 8, 12, 11, 16 ] }
            }
        },
        {
            "name": "Hammer",
            "from": [ 7.6, 10.25, 7 ], 
            "to": [ 8.35, 12.5, 9.5 ], 
            "rotation": { "origin": [ 8.25, 10.5, 6.5 ], "axis": "x", "angle": -22.5 },
            "faces": {
                "north": { "texture": "#acedark", "uv": [ 8, 12, 11, 16 ] },
                "east": { "texture": "#acedark", "uv": [ 8, 12, 11, 16 ] },
                "south": { "texture": "#acedark", "uv": [ 8, 12, 11, 16 ] },
                "west": { "texture": "#acedark", "uv": [ 8, 12, 11, 16 ] },
                "up": { "texture": "#acedark", "uv": [ 8, 12, 11, 16 ] },
                "down": { "texture": "#acedark", "uv": [ 8, 12, 11, 16 ] }
            }
        },
        {
            "name": "Aim",
            "from": [ 8.25, 13.5, 7.75 ], 
            "to": [ 8.75, 14, 8.25 ], 
            "faces": {
                "north": { "texture": "#acelight", "uv": [ 5, 13, 7, 15 ] },
                "east": { "texture": "#acelight", "uv": [ 5, 13, 7, 15 ] },
                "south": { "texture": "#acelight", "uv": [ 5, 13, 7, 15 ] },
                "west": { "texture": "#acelight", "uv": [ 5, 13, 7, 15 ] },
                "up": { "texture": "#acelight", "uv": [ 5, 13, 7, 15 ] }
            }
        },
        {
            "name": "Aim",
            "from": [ 7.25, 13.5, 7.75 ], 
            "to": [ 7.75, 14, 8.25 ], 
            "faces": {
                "north": { "texture": "#acelight", "uv": [ 5, 13, 7, 15 ] },
                "east": { "texture": "#acelight", "uv": [ 5, 13, 7, 15 ] },
                "south": { "texture": "#acelight", "uv": [ 5, 13, 7, 15 ] },
                "west": { "texture": "#acelight", "uv": [ 5, 13, 7, 15 ] },
                "up": { "texture": "#acelight", "uv": [ 5, 13, 7, 15 ] }
            }
        },
        {
            "name": "Aim",
            "from": [ 7.25, 13.5, 7.75 ], 
            "to": [ 8.75, 13.75, 8.25 ], 
            "faces": {
                "south": { "texture": "#acelight", "uv": [ 5, 13, 7, 15 ] },
                "up": { "texture": "#acelight", "uv": [ 5, 13, 7, 15 ] },
                "down": { "texture": "#acelight", "uv": [ 5, 13, 7, 15 ] }
            }
        },
        {
            "name": "Element",
            "from": [ 7, 13, 2.5 ], 
            "to": [ 9, 13.5, 8 ], 
            "faces": {
                "north": { "texture": "#acelight", "uv": [ 0, 12, 8, 16 ] },
                "east": { "texture": "#acelight", "uv": [ 0, 12, 8, 16 ] },
                "south": { "texture": "#acelight", "uv": [ 0, 12, 8, 16 ] },
                "west": { "texture": "#acelight", "uv": [ 0, 12, 8, 16 ] },
                "up": { "texture": "#acelight", "uv": [ 0, 12, 8, 16 ] },
                "down": { "texture": "#acelight", "uv": [ 0, 12, 8, 16 ] }
            }
        },
        {
            "name": "Element",
            "from": [ 7, 10, 2.5 ], 
            "to": [ 9, 10.5, 8 ], 
            "faces": {
                "north": { "texture": "#acedark", "uv": [ 0, 12, 8, 16 ] },
                "east": { "texture": "#acedark", "uv": [ 0, 12, 8, 16 ] },
                "south": { "texture": "#acedark", "uv": [ 0, 12, 8, 16 ] },
                "west": { "texture": "#acedark", "uv": [ 0, 12, 8, 16 ] },
                "up": { "texture": "#acedark", "uv": [ 0, 12, 8, 16 ] },
                "down": { "texture": "#acedark", "uv": [ 0, 12, 8, 16 ] }
            }
        },
        {
            "name": "Element",
            "from": [ 7, 10.5, 2.25 ], 
            "to": [ 9, 13, 3.25 ], 
            "faces": {
                "north": { "texture": "#acedark", "uv": [ 0, 12, 8, 16 ] },
                "east": { "texture": "#acedark", "uv": [ 0, 12, 8, 16 ] },
                "south": { "texture": "#acedark", "uv": [ 0, 12, 8, 16 ] },
                "west": { "texture": "#acedark", "uv": [ 0, 12, 1, 14.5 ] },
                "up": { "texture": "#acedark", "uv": [ 0, 12, 8, 16 ] },
                "down": { "texture": "#acedark", "uv": [ 0, 12, 8, 16 ] }
            }
        },
        {
            "name": "Element",
            "from": [ 7, 10.5, 7.5 ], 
            "to": [ 9, 13, 8.25 ], 
            "faces": {
                "north": { "texture": "#acedark", "uv": [ 0, 12, 8, 16 ] },
                "east": { "texture": "#acelight", "uv": [ 0, 12, 8, 16 ] },
                "south": { "texture": "#acelight", "uv": [ 0, 12, 8, 16 ] },
                "west": { "texture": "#acelight", "uv": [ 0, 12, 0.75, 14.5 ] },
                "up": { "texture": "#acelight", "uv": [ 0, 12, 8, 16 ] },
                "down": { "texture": "#acedark", "uv": [ 0, 12, 8, 16 ] }
            }
        },
        {
            "name": "Element",
            "from": [ 7.5, 8.5, 6 ], 
            "to": [ 8.5, 10.25, 6.5 ], 
            "rotation": { "origin": [ 8, 9.375, 6.25 ], "axis": "x", "angle": 22.5 },
            "faces": {
                "north": { "texture": "#acedark", "uv": [ 10, 15, 11, 16 ] },
                "east": { "texture": "#acedark", "uv": [ 10, 15, 11, 16 ] },
                "south": { "texture": "#acedark", "uv": [ 10, 15, 11, 16 ] },
                "west": { "texture": "#acedark", "uv": [ 10, 15, 11, 16 ] },
                "up": { "texture": "#acedark", "uv": [ 10, 15, 11, 16 ] },
                "down": { "texture": "#acedark", "uv": [ 10, 15, 11, 16 ] }
            }
        },
        {
            "name": "Element",
            "from": [ 7, 8, 4.5 ], 
            "to": [ 9, 10.5, 5 ], 
            "faces": {
                "north": { "texture": "#acedark", "uv": [ 0, 12, 8, 16 ] },
                "east": { "texture": "#acedark", "uv": [ 0, 12, 8, 16 ] },
                "south": { "texture": "#acedark", "uv": [ 0, 12, 8, 16 ] },
                "west": { "texture": "#acedark", "uv": [ 0, 12, 8, 16 ] },
                "down": { "texture": "#acedark", "uv": [ 0, 12, 8, 16 ] }
            }
        },
        {
            "name": "Element",
            "from": [ 7, 8, 5 ], 
            "to": [ 9, 8.5, 7 ], 
            "faces": {
                "east": { "texture": "#acedark", "uv": [ 0, 12, 8, 16 ] },
                "south": { "texture": "#acedark", "uv": [ 0, 12, 8, 16 ] },
                "west": { "texture": "#acedark", "uv": [ 0, 12, 8, 16 ] },
                "up": { "texture": "#acedark", "uv": [ 0, 12, 8, 16 ] },
                "down": { "texture": "#acedark", "uv": [ 0, 12, 8, 16 ] }
            }
        },
        {
            "name": "Element",
            "from": [ 7, 8.5, 6.75 ], 
            "to": [ 9, 9, 8.75 ], 
            "faces": {
                "north": { "texture": "#acedark", "uv": [ 0, 12, 8, 16 ] },
                "east": { "texture": "#acedark", "uv": [ 0, 12, 8, 16 ] },
                "south": { "texture": "#acedark", "uv": [ 0, 12, 8, 16 ] },
                "west": { "texture": "#acedark", "uv": [ 0, 12, 8, 16 ] },
                "up": { "texture": "#acedark", "uv": [ 0, 12, 8, 16 ] },
                "down": { "texture": "#acedark", "uv": [ 0, 12, 8, 16 ] }
            }
        },
        {
            "name": "Barrel",
            "from": [ 7.2, 10, -8.8 ], 
            "to": [ 8.85, 11.65, 3.2 ], 
            "faces": {
                "north": { "texture": "#acedark", "uv": [ 8, 12, 11, 16 ] },
                "east": { "texture": "#acedark", "uv": [ 8, 12, 11, 16 ] },
                "south": { "texture": "#acedark", "uv": [ 8, 12, 11, 16 ] },
                "west": { "texture": "#acedark", "uv": [ 8, 12, 11, 16 ] },
                "up": { "texture": "#acedark", "uv": [ 8, 12, 11, 16 ] },
                "down": { "texture": "#acedark", "uv": [ 8, 12, 11, 16 ] }
            }
        },
        {
            "name": "Barrel",
            "from": [ 7.5, 13, -8.75 ], 
            "to": [ 8.5, 13.25, -6 ], 
            "faces": {
                "north": { "texture": "#acedark", "uv": [ 0, 12, 8, 16 ] },
                "east": { "texture": "#acelight", "uv": [ 0, 12, 8, 16 ] },
                "south": { "texture": "#acelight", "uv": [ 0, 12, 8, 16 ] },
                "west": { "texture": "#acelight", "uv": [ 0, 12, 8, 16 ] }
            }
        },
        {
            "name": "Barrel",
            "from": [ 7.5, 13, -2.75 ], 
            "to": [ 8.5, 13.25, -2 ], 
            "faces": {
                "north": { "texture": "#acelight", "uv": [ 0, 12, 8, 16 ] },
                "east": { "texture": "#acelight", "uv": [ 0, 12, 8, 16 ] },
                "south": { "texture": "#acelight", "uv": [ 0, 12, 8, 16 ] },
                "west": { "texture": "#acelight", "uv": [ 0, 12, 8, 16 ] }
            }
        },
        {
            "name": "Barrel",
            "from": [ 7.5, 13, 0.25 ], 
            "to": [ 8.5, 13.25, 3 ], 
            "faces": {
                "north": { "texture": "#acelight", "uv": [ 0, 12, 8, 16 ] },
                "east": { "texture": "#acelight", "uv": [ 0, 12, 8, 16 ] },
                "west": { "texture": "#acelight", "uv": [ 0, 12, 8, 16 ] }
            }
        },
        {
            "name": "Barrel",
            "from": [ 7.5, 13.25, -8.75 ], 
            "to": [ 8.5, 13.45, 3 ], 
            "faces": {
                "north": { "texture": "#acelight", "uv": [ 0, 12, 8, 16 ] },
                "east": { "texture": "#acelight", "uv": [ 0, 12, 8, 16 ] },
                "west": { "texture": "#acelight", "uv": [ 0, 12, 8, 16 ] },
                "up": { "texture": "#acelight", "uv": [ 0, 12, 8, 16 ] },
                "down": { "texture": "#acelight", "uv": [ 0, 12, 8, 16 ] }
            }
        },
        {
            "name": "Barrel",
            "from": [ 7.6, 12.35, -8.75 ], 
            "to": [ 8.4, 12.9, 3 ], 
            "faces": {
                "north": { "texture": "#acedark", "uv": [ 0, 12, 8, 16 ] },
                "east": { "texture": "#acedark", "uv": [ 0, 12, 8, 16 ] },
                "west": { "texture": "#acedark", "uv": [ 0, 12, 8, 16 ] }
            }
        },
        {
            "name": "Barrel",
            "from": [ 7.5, 12.75, -8.75 ], 
            "to": [ 8.5, 13, 3 ], 
            "faces": {
                "north": { "texture": "#acedark", "uv": [ 0, 12, 8, 16 ] },
                "east": { "texture": "#acelight", "uv": [ 0, 12, 8, 16 ] },
                "west": { "texture": "#acelight", "uv": [ 0, 12, 6.75, 12.75 ] },
                "up": { "texture": "#acelight", "uv": [ 0, 12, 8, 16 ] },
                "down": { "texture": "#acelight", "uv": [ 0, 12, 8, 16 ] }
            }
        },
        {
            "name": "spinner",
            "from": [ 6.75, 11.25, 3.51 ], 
            "to": [ 9.25, 12.25, 7.21 ], 
            "rotation": { "origin": [ 8, 11.75, 5.385 ], "axis": "z", "angle": 45.0 },
            "faces": {
                "north": { "texture": "#acelight", "uv": [ 8, 12, 11, 16 ], "rotation": 270 },
                "east": { "texture": "#acelight", "uv": [ 8, 12, 11, 16 ], "rotation": 270 },
                "south": { "texture": "#acelight", "uv": [ 8, 12, 11, 16 ], "rotation": 270 },
                "west": { "texture": "#acelight", "uv": [ 8, 12, 11, 16 ], "rotation": 270 },
                "up": { "texture": "#acelight", "uv": [ 8, 12, 11, 16 ], "rotation": 270 },
                "down": { "texture": "#acelight", "uv": [ 8, 12, 11, 16 ], "rotation": 270 }
            }
        },
        {
            "name": "spinner",
            "from": [ 6.75, 11.25, 3.51 ], 
            "to": [ 9.25, 12.25, 7.25 ], 
            "faces": {
                "north": { "texture": "#acelight", "uv": [ 8, 12, 11, 16 ], "rotation": 270 },
                "east": { "texture": "#acelight", "uv": [ 8, 12, 11, 16 ], "rotation": 270 },
                "south": { "texture": "#acelight", "uv": [ 8, 12, 11, 16 ], "rotation": 270 },
                "west": { "texture": "#acelight", "uv": [ 8, 12, 11, 16 ], "rotation": 270 },
                "up": { "texture": "#acelight", "uv": [ 8, 12, 11, 16 ], "rotation": 270 },
                "down": { "texture": "#acelight", "uv": [ 8, 12, 11, 16 ], "rotation": 270 }
            }
        },
        {
            "name": "spinner",
            "from": [ 7.5, 10.5, 3.48 ], 
            "to": [ 8.5, 13, 7.24 ], 
            "rotation": { "origin": [ 8, 11.75, 5.355 ], "axis": "z", "angle": 45.0 },
            "faces": {
                "north": { "texture": "#acelight", "uv": [ 8, 12, 11, 16 ], "rotation": 270 },
                "east": { "texture": "#acelight", "uv": [ 8, 12, 11, 16 ], "rotation": 270 },
                "south": { "texture": "#acelight", "uv": [ 8, 12, 11, 16 ], "rotation": 270 },
                "west": { "texture": "#acelight", "uv": [ 8, 12, 11, 16 ], "rotation": 270 },
                "up": { "texture": "#acelight", "uv": [ 8, 12, 11, 16 ], "rotation": 270 },
                "down": { "texture": "#acelight", "uv": [ 8, 12, 11, 16 ], "rotation": 270 }
            }
        },
        {
            "name": "spinner",
            "from": [ 7.5, 10.5, 3.5 ], 
            "to": [ 8.5, 13, 7.25 ], 
            "faces": {
                "north": { "texture": "#acelight", "uv": [ 10, 15, 11, 16 ], "rotation": 270 },
                "east": { "texture": "#acelight", "uv": [ 10, 15, 11, 16 ], "rotation": 270 },
                "south": { "texture": "#acelight", "uv": [ 10, 15, 11, 16 ], "rotation": 270 },
                "west": { "texture": "#acelight", "uv": [ 10, 15, 11, 16 ], "rotation": 270 }
            }
        },
        {
            "name": "Element",
            "from": [ 6.75, 7, 8.95 ], 
            "to": [ 9.25, 9, 11.5 ], 
            "rotation": { "origin": [ 8, 7, 8.5 ], "axis": "x", "angle": -22.5 },
            "faces": {
                "north": { "texture": "#acedark", "uv": [ 11, 0, 16, 4 ] },
                "east": { "texture": "#acedark", "uv": [ 11, 0, 16, 4 ] },
                "south": { "texture": "#acedark", "uv": [ 11, 0, 16, 4 ] },
                "west": { "texture": "#acedark", "uv": [ 11, 0, 16, 4 ] },
                "up": { "texture": "#acedark", "uv": [ 11, 0, 16, 4 ] },
                "down": { "texture": "#acedark", "uv": [ 11, 0, 16, 4 ] }
            }
        },
        {
            "name": "Element",
            "from": [ 7.01, 10, 8 ], 
            "to": [ 8.98, 12, 9.75 ], 
            "faces": {
                "north": { "texture": "#acedark", "uv": [ 11, 0, 16, 4 ] },
                "east": { "texture": "#acedark", "uv": [ 11, 0, 16, 4 ] },
                "south": { "texture": "#acedark", "uv": [ 11, 0, 16, 4 ] },
                "west": { "texture": "#acedark", "uv": [ 11, 0, 16, 4 ] },
                "down": { "texture": "#acedark", "uv": [ 11, 0, 16, 4 ] }
            }
        },
        {
            "name": "Element",
            "from": [ 7.01, 9, 9.5 ], 
            "to": [ 8.98, 11, 11.25 ], 
            "rotation": { "origin": [ 8, 7, 8.5 ], "axis": "x", "angle": -22.5 },
            "faces": {
                "north": { "texture": "#acedark", "uv": [ 11, 0, 16, 4 ] },
                "east": { "texture": "#acedark", "uv": [ 11, 0, 16, 4 ] },
                "south": { "texture": "#acedark", "uv": [ 11, 0, 16, 4 ] },
                "west": { "texture": "#acedark", "uv": [ 11, 0, 16, 4 ] },
                "up": { "texture": "#acedark", "uv": [ 11, 0, 16, 4 ] },
                "down": { "texture": "#acedark", "uv": [ 11, 0, 16, 4 ] }
            }
        },
        {
            "name": "Barrel",
            "from": [ 7.34, 11.65, -8.8 ], 
            "to": [ 8.69, 12.15, 3.2 ], 
            "faces": {
                "north": { "texture": "#acedark", "uv": [ 0, 12, 8, 16 ] },
                "east": { "texture": "#acedark", "uv": [ 0, 12, 8, 16 ] },
                "west": { "texture": "#acedark", "uv": [ 0, 12, 8, 16 ] },
                "up": { "texture": "#acedark", "uv": [ 0, 12, 8, 16 ] }
            }
        },
        {
            "name": "Barrel",
            "from": [ 7.5, 12, -8.8 ], 
            "to": [ 8.5, 12.5, 3.2 ], 
            "faces": {
                "north": { "texture": "#acedark", "uv": [ 0, 12, 8, 16 ] },
                "east": { "texture": "#acedark", "uv": [ 0, 12, 8, 16 ] },
                "west": { "texture": "#acedark", "uv": [ 0, 12, 8, 16 ] },
                "up": { "texture": "#acedark", "uv": [ 0, 12, 8, 16 ] }
            }
        },
        {
            "name": "Sightplate",
            "from": [ 7.25, 13.45, 2.25 ], 
            "to": [ 8.75, 13.9, 8 ], 
            "faces": {
                "north": { "texture": "#acelight", "uv": [ 0, 12, 8, 16 ] },
                "east": { "texture": "#acelight", "uv": [ 0, 12, 8, 16 ] },
                "south": { "texture": "#acelight", "uv": [ 0, 12, 8, 16 ] },
                "west": { "texture": "#acelight", "uv": [ 0, 12, 8, 16 ] },
                "up": { "texture": "#acelight", "uv": [ 0, 12, 8, 16 ] },
                "down": { "texture": "#acelight", "uv": [ 0, 12, 8, 16 ] }
            }
        },
        {
            "name": "TriggerGuard",
            "from": [ 7.5, 8.25, 1.25 ], 
            "to": [ 8.5, 10, 5 ], 
            "faces": {
                "north": { "texture": "#acedark", "uv": [ 0, 12, 8, 16 ] },
                "east": { "texture": "#acedark", "uv": [ 0, 12, 8, 16 ] },
                "west": { "texture": "#acedark", "uv": [ 0, 12, 8, 16 ] },
                "up": { "texture": "#acedark", "uv": [ 0, 12, 8, 16 ] },
                "down": { "texture": "#acedark", "uv": [ 0, 12, 8, 16 ] }
            }
        },
        {
            "name": "TriggerGuard",
            "from": [ 7.5, 13, 3.25 ], 
            "to": [ 8.5, 15.75, 5 ], 
            "rotation": { "origin": [ 8, 8, 8 ], "axis": "x", "angle": -45.0 },
            "faces": {
                "north": { "texture": "#acedark", "uv": [ 0, 12, 8, 16 ] },
                "east": { "texture": "#acedark", "uv": [ 0, 12, 8, 16 ] },
                "south": { "texture": "#acedark", "uv": [ 0, 12, 8, 16 ] },
                "west": { "texture": "#acedark", "uv": [ 0, 12, 8, 16 ] },
                "up": { "texture": "#acedark", "uv": [ 0, 12, 8, 16 ] },
                "down": { "texture": "#acedark", "uv": [ 0, 12, 8, 16 ] }
            }
        },
        {
            "name": "Element",
            "from": [ 7, 11.5, 7.5 ], 
            "to": [ 9, 12.15, 9.85 ], 
            "faces": {
                "east": { "texture": "#acelight", "uv": [ 0, 12, 8, 16 ] },
                "south": { "texture": "#acelight", "uv": [ 0, 12, 8, 16 ] },
                "west": { "texture": "#acelight", "uv": [ 0, 12, 2.35, 12.65 ] },
                "up": { "texture": "#acelight", "uv": [ 0, 12, 8, 16 ] },
                "down": { "texture": "#acelight", "uv": [ 0, 12, 8, 16 ] }
            }
        },
        {
            "name": "Decal",
            "from": [ 7.15, 10, -3.5 ], 
            "to": [ 8.9, 11, -1.75 ], 
            "faces": {
                "north": { "texture": "#acelight", "uv": [ 0, 12, 8, 16 ] },
                "east": { "texture": "#acelight", "uv": [ 0, 12, 8, 16 ] },
                "south": { "texture": "#acelight", "uv": [ 0, 12, 8, 16 ] },
                "west": { "texture": "#acelight", "uv": [ 0, 12, 1.75, 13 ] },
                "up": { "texture": "#acelight", "uv": [ 0, 12, 8, 16 ] },
                "down": { "texture": "#acelight", "uv": [ 0, 12, 8, 16 ] }
            }
        },
        {
            "name": "Decal",
            "from": [ 7.15, 10, -4.5 ], 
            "to": [ 8.9, 11, -4 ], 
            "faces": {
                "north": { "texture": "#acelight", "uv": [ 0, 12, 8, 16 ] },
                "east": { "texture": "#acelight", "uv": [ 0, 12, 8, 16 ] },
                "south": { "texture": "#acelight", "uv": [ 0, 12, 8, 16 ] },
                "west": { "texture": "#acelight", "uv": [ 0, 12, 0.5, 13 ] },
                "up": { "texture": "#acelight", "uv": [ 0, 12, 8, 16 ] },
                "down": { "texture": "#acelight", "uv": [ 0, 12, 8, 16 ] }
            }
        },
        {
            "name": "Decal",
            "from": [ 7.15, 11, -3.15 ], 
            "to": [ 8.9, 11.65, -1.4 ], 
            "faces": {
                "north": { "texture": "#acelight", "uv": [ 0, 12, 8, 16 ] },
                "east": { "texture": "#acelight", "uv": [ 0, 12, 8, 16 ] },
                "south": { "texture": "#acelight", "uv": [ 0, 12, 8, 16 ] },
                "west": { "texture": "#acelight", "uv": [ 0, 12, 1.75, 12.65 ] },
                "up": { "texture": "#acelight", "uv": [ 0, 12, 8, 16 ] },
                "down": { "texture": "#acelight", "uv": [ 0, 12, 8, 16 ] }
            }
        },
        {
            "name": "Decal",
            "from": [ 7.15, 11, -4.15 ], 
            "to": [ 8.9, 11.65, -3.65 ], 
            "faces": {
                "north": { "texture": "#acelight", "uv": [ 0, 12, 8, 16 ] },
                "east": { "texture": "#acelight", "uv": [ 0, 12, 8, 16 ] },
                "south": { "texture": "#acelight", "uv": [ 0, 12, 8, 16 ] },
                "west": { "texture": "#acelight", "uv": [ 0, 12, 0.5, 12.65 ] },
                "up": { "texture": "#acelight", "uv": [ 0, 12, 8, 16 ] },
                "down": { "texture": "#acelight", "uv": [ 0, 12, 8, 16 ] }
            }
        },
        {
            "name": "Decal",
            "from": [ 7.275, 11.5, -2.95 ], 
            "to": [ 8.725, 12.25, -1.2 ], 
            "faces": {
                "north": { "texture": "#acelight", "uv": [ 0, 12, 8, 16 ] },
                "east": { "texture": "#acelight", "uv": [ 0, 12, 8, 16 ] },
                "south": { "texture": "#acelight", "uv": [ 0, 12, 8, 16 ] },
                "west": { "texture": "#acelight", "uv": [ 0, 12, 1.75, 12.75 ] },
                "up": { "texture": "#acelight", "uv": [ 0, 12, 8, 16 ] }
            }
        },
        {
            "name": "Decal",
            "from": [ 7.275, 11.5, -3.95 ], 
            "to": [ 8.725, 12.25, -3.45 ], 
            "faces": {
                "north": { "texture": "#acelight", "uv": [ 0, 12, 8, 16 ] },
                "east": { "texture": "#acelight", "uv": [ 0, 12, 8, 16 ] },
                "south": { "texture": "#acelight", "uv": [ 0, 12, 8, 16 ] },
                "west": { "texture": "#acelight", "uv": [ 0, 12, 0.5, 12.75 ] },
                "up": { "texture": "#acelight", "uv": [ 0, 12, 8, 16 ] }
            }
        },
        {
            "name": "Decal",
            "from": [ 7.275, 11.5, 1 ], 
            "to": [ 8.725, 12.25, 1.1 ], 
            "faces": {
                "north": { "texture": "#acelight", "uv": [ 0, 12, 8, 16 ] },
                "east": { "texture": "#acelight", "uv": [ 0, 12, 8, 16 ] },
                "south": { "texture": "#acelight", "uv": [ 0, 12, 8, 16 ] },
                "west": { "texture": "#acelight", "uv": [ 0, 12, 0.1, 12.75 ] },
                "up": { "texture": "#acelight", "uv": [ 0, 12, 8, 16 ] }
            }
        },
        {
            "name": "Decal",
            "from": [ 7.15, 10.3, 1 ], 
            "to": [ 8.9, 11.3, 1.1 ], 
            "faces": {
                "north": { "texture": "#acelight", "uv": [ 0, 12, 8, 16 ] },
                "east": { "texture": "#acelight", "uv": [ 0, 12, 8, 16 ] },
                "south": { "texture": "#acelight", "uv": [ 0, 12, 8, 16 ] },
                "west": { "texture": "#acelight", "uv": [ 0, 12, 0.1, 13 ] }
            }
        },
        {
            "name": "Decal",
            "from": [ 7.15, 10.3, 0.8 ], 
            "to": [ 8.9, 10.4, 1.3 ], 
            "faces": {
                "north": { "texture": "#acelight", "uv": [ 0, 12, 8, 16 ] },
                "east": { "texture": "#acelight", "uv": [ 0, 12, 8, 16 ] },
                "south": { "texture": "#acelight", "uv": [ 0, 12, 8, 16 ] },
                "west": { "texture": "#acelight", "uv": [ 0, 12, 0.5, 12.1 ] },
                "up": { "texture": "#acelight", "uv": [ 0, 12, 8, 16 ] },
                "down": { "texture": "#acelight", "uv": [ 0, 12, 8, 16 ] }
            }
        },
        {
            "name": "Decal",
            "from": [ 7.15, 10.4, 0.9 ], 
            "to": [ 8.9, 10.5, 1.2 ], 
            "faces": {
                "north": { "texture": "#acelight", "uv": [ 0, 12, 8, 16 ] },
                "east": { "texture": "#acelight", "uv": [ 0, 12, 8, 16 ] },
                "south": { "texture": "#acelight", "uv": [ 0, 12, 8, 16 ] },
                "west": { "texture": "#acelight", "uv": [ 0, 12, 0.3, 12.1 ] },
                "up": { "texture": "#acelight", "uv": [ 0, 12, 8, 16 ] }
            }
        },
        {
            "name": "Decal",
            "from": [ 7.275, 11.5, 0.925 ], 
            "to": [ 8.725, 12.1, 1.175 ], 
            "faces": {
                "north": { "texture": "#acelight", "uv": [ 0, 12, 8, 16 ] },
                "east": { "texture": "#acelight", "uv": [ 0, 12, 8, 16 ] },
                "south": { "texture": "#acelight", "uv": [ 0, 12, 8, 16 ] },
                "west": { "texture": "#acelight", "uv": [ 0, 12, 0.25, 12.6 ] },
                "up": { "texture": "#acelight", "uv": [ 0, 12, 8, 16 ] }
            }
        },
        {
            "name": "Decal",
            "from": [ 7.275, 11.5, 0.8 ], 
            "to": [ 8.725, 11.9, 1.3 ], 
            "faces": {
                "north": { "texture": "#acelight", "uv": [ 0, 12, 8, 16 ] },
                "east": { "texture": "#acelight", "uv": [ 0, 12, 8, 16 ] },
                "south": { "texture": "#acelight", "uv": [ 0, 12, 8, 16 ] },
                "west": { "texture": "#acelight", "uv": [ 0, 12, 0.5, 12.4 ] },
                "up": { "texture": "#acelight", "uv": [ 0, 12, 8, 16 ] }
            }
        },
        {
            "name": "Decal",
            "from": [ 7.15, 11.45, 0.7 ], 
            "to": [ 8.9, 11.67, 1.45 ], 
            "faces": {
                "north": { "texture": "#acelight", "uv": [ 0, 12, 8, 16 ] },
                "east": { "texture": "#acelight", "uv": [ 0, 12, 8, 16 ] },
                "south": { "texture": "#acelight", "uv": [ 0, 12, 8, 16 ] },
                "west": { "texture": "#acelight", "uv": [ 0, 12, 0.75, 12.22 ] },
                "up": { "texture": "#acelight", "uv": [ 0, 12, 8, 16 ] }
            }
        },
        {
            "name": "Decal",
            "from": [ 7.15, 11.25, 0.57 ], 
            "to": [ 8.9, 11.45, 1.57 ], 
            "faces": {
                "north": { "texture": "#acelight", "uv": [ 0, 12, 8, 16 ] },
                "east": { "texture": "#acelight", "uv": [ 0, 12, 8, 16 ] },
                "south": { "texture": "#acelight", "uv": [ 0, 12, 8, 16 ] },
                "west": { "texture": "#acelight", "uv": [ 0, 12, 1, 12.2 ] },
                "up": { "texture": "#acelight", "uv": [ 0, 12, 8, 16 ] }
            }
        },
        {
            "name": "Decal",
            "from": [ 7.15, 11.05, 0.47 ], 
            "to": [ 8.9, 11.25, 1.67 ], 
            "faces": {
                "north": { "texture": "#acelight", "uv": [ 0, 12, 8, 16 ] },
                "east": { "texture": "#acelight", "uv": [ 0, 12, 8, 16 ] },
                "south": { "texture": "#acelight", "uv": [ 0, 12, 8, 16 ] },
                "west": { "texture": "#acelight", "uv": [ 0, 12, 1.2, 12.2 ] },
                "up": { "texture": "#acelight", "uv": [ 0, 12, 8, 16 ] },
                "down": { "texture": "#acelight", "uv": [ 0, 12, 8, 16 ] }
            }
        },
        {
            "name": "Decal",
            "from": [ 7.15, 10.85, 0.35 ], 
            "to": [ 8.9, 11.05, 1.75 ], 
            "faces": {
                "north": { "texture": "#acelight", "uv": [ 0, 12, 8, 16 ] },
                "east": { "texture": "#acelight", "uv": [ 0, 12, 8, 16 ] },
                "south": { "texture": "#acelight", "uv": [ 0, 12, 8, 16 ] },
                "west": { "texture": "#acelight", "uv": [ 0, 12, 1.4, 12.2 ] },
                "up": { "texture": "#acelight", "uv": [ 0, 12, 8, 16 ] },
                "down": { "texture": "#acelight", "uv": [ 0, 12, 8, 16 ] }
            }
        },
        {
            "name": "Decal",
            "from": [ 7.15, 10.75, 0.45 ], 
            "to": [ 8.9, 10.85, 0.95 ], 
            "faces": {
                "north": { "texture": "#acelight", "uv": [ 0, 12, 8, 16 ] },
                "east": { "texture": "#acelight", "uv": [ 0, 12, 8, 16 ] },
                "south": { "texture": "#acelight", "uv": [ 0, 12, 8, 16 ] },
                "west": { "texture": "#acelight", "uv": [ 0, 12, 0.5, 12.1 ] },
                "down": { "texture": "#acelight", "uv": [ 0, 12, 8, 16 ] }
            }
        },
        {
            "name": "Decal",
            "from": [ 7.15, 10.75, 1.15 ], 
            "to": [ 8.9, 10.85, 1.65 ], 
            "faces": {
                "north": { "texture": "#acelight", "uv": [ 0, 12, 8, 16 ] },
                "east": { "texture": "#acelight", "uv": [ 0, 12, 8, 16 ] },
                "south": { "texture": "#acelight", "uv": [ 0, 12, 8, 16 ] },
                "west": { "texture": "#acelight", "uv": [ 0, 12, 0.5, 12.1 ] },
                "down": { "texture": "#acelight", "uv": [ 0, 12, 8, 16 ] }
            }
        },
        {
            "name": "Decal",
            "from": [ 7.15, 10.65, 0.55 ], 
            "to": [ 8.9, 10.75, 0.85 ], 
            "faces": {
                "north": { "texture": "#acelight", "uv": [ 0, 12, 8, 16 ] },
                "east": { "texture": "#acelight", "uv": [ 0, 12, 8, 16 ] },
                "south": { "texture": "#acelight", "uv": [ 0, 12, 8, 16 ] },
                "west": { "texture": "#acelight", "uv": [ 0, 12, 0.3, 12.1 ] },
                "down": { "texture": "#acelight", "uv": [ 0, 12, 8, 16 ] }
            }
        },
        {
            "name": "Decal",
            "from": [ 7.15, 10.65, 1.25 ], 
            "to": [ 8.9, 10.75, 1.55 ], 
            "faces": {
                "north": { "texture": "#acelight", "uv": [ 0, 12, 8, 16 ] },
                "east": { "texture": "#acelight", "uv": [ 0, 12, 8, 16 ] },
                "south": { "texture": "#acelight", "uv": [ 0, 12, 8, 16 ] },
                "west": { "texture": "#acelight", "uv": [ 0, 12, 0.3, 12.1 ] },
                "down": { "texture": "#acelight", "uv": [ 0, 12, 8, 16 ] }
            }
        }
    ]
}